<?xml version="1.0" encoding="utf-8"?>
<!DOCTYPE archive [
	<!ENTITY prologue SYSTEM "Metadata\Prologue.xml">
	<!ENTITY structure SYSTEM "Metadata\Structure.xml">
	<!ENTITY vli_content1 SYSTEM "Metadata\VLI_Content1.xml">
]>
<archive guid="{A0C30746-F9FE-4336-AFA6-7BA44F488805}" version="2" build="11.1.4310.131" oldestcompatiblebuild="0.0.0.0">
  <features>
    <feature id="07C6C5D0-B6B8-4033-B563-86F7CBF89CFB" name="ParallelWorkflowStructure" pkgver="2" />
    <feature id="19E9ED12-1AA6-46C5-8D79-AD353CA3BF63" name="ExternalGroupImportMode" pkgver="1" />
    <feature id="4D00ED25-C6A1-42AB-8BBA-54CDA5821375" name="ManageWorkflows" pkgver="1" />
    <feature id="C9D23648-C025-4538-B16B-86D90CBF5A50" name="RestrictedTransitionsOnly" pkgver="1" />
  </features>
  <timestamp value="2016-07-10T02:51:10.363Z" />
  <delta applied="false" />
  <vault guid="{4F6B909D-5524-4843-848C-3130921A5218}" extendedmetadatadrivenpermissions="true" />
  <statistics objectcount="0" vlitemcount="54" />
  <flags>
    <MultipleArchivesInTargetLocation />
  </flags>
&prologue;
&structure;
&vli_content1;
</archive>