<?xml version="1.0" encoding="utf-8"?>
<prologue xml:space="preserve">
  <aclcache>
    <acl id="aclcache-1-5" ignorelci="false">
      <aclcomponent />
    </acl>
    <acl id="aclcache-1-3" ignorelci="false">
      <aclcomponent>
        <ace id="-104">
          <usersandgroups>
            <group id="104" name="中民外滩工程部" />
          </usersandgroups>
          <rights>
            <read pos="1" value="Allowed" />
            <edit pos="2" value="Allowed" />
            <changepermissions pos="3" value="Allowed" />
            <delete pos="4" value="Allowed" />
          </rights>
        </ace>
      </aclcomponent>
    </acl>
    <acl id="aclcache-1-1" ignorelci="false">
      <aclcomponent>
        <namedacl aliases="" builtin="true" guid="{A470B682-2B52-48EF-B3A8-1A4B3F2B6B35}" id="-1" name="完全控制权给所有内部用户" type="Normal" />
        <ace id="-1">
          <usersandgroups>
            <group id="1" name="所有内部用户" />
          </usersandgroups>
          <rights>
            <read pos="1" value="Allowed" />
            <edit pos="2" value="Allowed" />
            <changepermissions pos="3" value="Allowed" />
            <delete pos="4" value="Allowed" />
          </rights>
        </ace>
      </aclcomponent>
    </acl>
    <acl id="aclcache-1-6" ignorelci="false">
      <aclcomponent>
        <ace id="-112">
          <usersandgroups>
            <group id="112" name="南区监理-建设监理" />
          </usersandgroups>
          <rights>
            <read pos="1" value="Allowed" />
            <edit pos="2" value="Allowed" />
            <changepermissions pos="3" value="Allowed" />
            <delete pos="4" value="Allowed" />
          </rights>
        </ace>
        <ace id="-105">
          <usersandgroups>
            <group id="105" name="北区监理-建科咨询" />
          </usersandgroups>
          <rights>
            <read pos="1" value="Allowed" />
            <edit pos="2" value="Allowed" />
            <changepermissions pos="3" value="Allowed" />
            <delete pos="4" value="Allowed" />
          </rights>
        </ace>
      </aclcomponent>
    </acl>
    <acl id="aclcache-1-10" ignorelci="false">
      <aclcomponent>
        <ace id="-102">
          <usersandgroups>
            <group id="102" name="北区总包-上海建工" />
          </usersandgroups>
          <rights>
            <read pos="1" value="Allowed" />
            <edit pos="2" value="Allowed" />
            <changepermissions pos="3" value="Allowed" />
            <delete pos="4" value="Allowed" />
          </rights>
        </ace>
        <ace id="-101">
          <usersandgroups>
            <group id="101" name="南区总包-中建八局" />
          </usersandgroups>
          <rights>
            <read pos="1" value="Allowed" />
            <edit pos="2" value="Allowed" />
            <changepermissions pos="3" value="Allowed" />
            <delete pos="4" value="Allowed" />
          </rights>
        </ace>
      </aclcomponent>
    </acl>
    <acl id="aclcache-1-19" ignorelci="false">
      <aclcomponent>
        <ace id="PD1107">
          <pseudouserelements>
            <pseudouserelement id="1107" name="参会人" pos="1" type="PropertyDef" />
          </pseudouserelements>
          <usersandgroups />
          <rights>
            <read pos="1" value="Allowed" />
            <edit pos="2" value="NotDefined" />
            <changepermissions pos="3" value="NotDefined" />
            <delete pos="4" value="NotDefined" />
          </rights>
        </ace>
        <ace id="PD1108">
          <pseudouserelements>
            <pseudouserelement id="1108" name="参会单位" pos="1" type="PropertyDef" />
          </pseudouserelements>
          <usersandgroups />
          <rights>
            <read pos="1" value="Allowed" />
            <edit pos="2" value="NotDefined" />
            <changepermissions pos="3" value="NotDefined" />
            <delete pos="4" value="NotDefined" />
          </rights>
        </ace>
      </aclcomponent>
    </acl>
    <acl id="aclcache-1-15" ignorelci="false">
      <aclcomponent>
        <ace id="-112">
          <usersandgroups>
            <group id="112" name="南区监理-建设监理" />
          </usersandgroups>
          <rights>
            <read pos="1" value="Allowed" />
            <edit pos="2" value="Allowed" />
            <changepermissions pos="3" value="NotDefined" />
            <delete pos="4" value="NotDefined" />
          </rights>
        </ace>
        <ace id="-105">
          <usersandgroups>
            <group id="105" name="北区监理-建科咨询" />
          </usersandgroups>
          <rights>
            <read pos="1" value="Allowed" />
            <edit pos="2" value="Allowed" />
            <changepermissions pos="3" value="NotDefined" />
            <delete pos="4" value="NotDefined" />
          </rights>
        </ace>
        <ace id="PD25">
          <pseudouserelements>
            <pseudouserelement id="25" name="创建者" pos="1" type="PropertyDef" />
          </pseudouserelements>
          <usersandgroups />
          <rights>
            <read pos="1" value="Allowed" />
            <edit pos="2" value="Allowed" />
            <changepermissions pos="3" value="NotDefined" />
            <delete pos="4" value="NotDefined" />
          </rights>
        </ace>
      </aclcomponent>
    </acl>
    <acl id="aclcache-1-13" ignorelci="false">
      <aclcomponent>
        <ace id="-112">
          <usersandgroups>
            <group id="112" name="南区监理-建设监理" />
          </usersandgroups>
          <rights>
            <read pos="1" value="Allowed" />
            <edit pos="2" value="Allowed" />
            <changepermissions pos="3" value="Allowed" />
            <delete pos="4" value="Allowed" />
          </rights>
        </ace>
        <ace id="-105">
          <usersandgroups>
            <group id="105" name="北区监理-建科咨询" />
          </usersandgroups>
          <rights>
            <read pos="1" value="Allowed" />
            <edit pos="2" value="Allowed" />
            <changepermissions pos="3" value="Allowed" />
            <delete pos="4" value="Allowed" />
          </rights>
        </ace>
        <ace id="PD1060">
          <pseudouserelements>
            <pseudouserelement id="1060" name="收件人" pos="1" type="PropertyDef" />
          </pseudouserelements>
          <usersandgroups />
          <rights>
            <read pos="1" value="Allowed" />
            <edit pos="2" value="Allowed" />
            <changepermissions pos="3" value="Allowed" />
            <delete pos="4" value="Allowed" />
          </rights>
        </ace>
      </aclcomponent>
    </acl>
    <acl id="aclcache-1-2" ignorelci="false">
      <aclcomponent>
        <ace id="PD25">
          <pseudouserelements>
            <pseudouserelement id="25" name="创建者" pos="1" type="PropertyDef" />
          </pseudouserelements>
          <usersandgroups />
          <rights>
            <read pos="1" value="Allowed" />
            <edit pos="2" value="Allowed" />
            <changepermissions pos="3" value="Allowed" />
            <delete pos="4" value="Allowed" />
          </rights>
        </ace>
        <ace id="PD1054">
          <pseudouserelements>
            <pseudouserelement id="1054" name="通知对象" pos="1" type="PropertyDef" />
          </pseudouserelements>
          <usersandgroups />
          <rights>
            <read pos="1" value="Allowed" />
            <edit pos="2" value="NotDefined" />
            <changepermissions pos="3" value="NotDefined" />
            <delete pos="4" value="NotDefined" />
          </rights>
        </ace>
        <ace id="PD1055">
          <pseudouserelements>
            <pseudouserelement id="1055" name="通知到组" pos="1" type="PropertyDef" />
          </pseudouserelements>
          <usersandgroups />
          <rights>
            <read pos="1" value="Allowed" />
            <edit pos="2" value="NotDefined" />
            <changepermissions pos="3" value="NotDefined" />
            <delete pos="4" value="NotDefined" />
          </rights>
        </ace>
      </aclcomponent>
    </acl>
    <acl id="aclcache-1-20" ignorelci="false">
      <aclcomponent>
        <ace id="PD1059">
          <pseudouserelements>
            <pseudouserelement id="1059" name="收件单位" pos="1" type="PropertyDef" />
          </pseudouserelements>
          <usersandgroups />
          <rights>
            <read pos="1" value="Allowed" />
            <edit pos="2" value="NotDefined" />
            <changepermissions pos="3" value="NotDefined" />
            <delete pos="4" value="NotDefined" />
          </rights>
        </ace>
        <ace id="PD1060">
          <pseudouserelements>
            <pseudouserelement id="1060" name="收件人" pos="1" type="PropertyDef" />
          </pseudouserelements>
          <usersandgroups />
          <rights>
            <read pos="1" value="Allowed" />
            <edit pos="2" value="NotDefined" />
            <changepermissions pos="3" value="NotDefined" />
            <delete pos="4" value="NotDefined" />
          </rights>
        </ace>
        <ace id="PD1062">
          <pseudouserelements>
            <pseudouserelement id="1062" name="抄送单位" pos="1" type="PropertyDef" />
          </pseudouserelements>
          <usersandgroups />
          <rights>
            <read pos="1" value="Allowed" />
            <edit pos="2" value="NotDefined" />
            <changepermissions pos="3" value="NotDefined" />
            <delete pos="4" value="NotDefined" />
          </rights>
        </ace>
      </aclcomponent>
    </acl>
    <acl id="aclcache-1-9" ignorelci="false">
      <aclcomponent>
        <ace id="-112">
          <usersandgroups>
            <group id="112" name="南区监理-建设监理" />
          </usersandgroups>
          <rights>
            <read pos="1" value="Allowed" />
            <edit pos="2" value="Allowed" />
            <changepermissions pos="3" value="NotDefined" />
            <delete pos="4" value="NotDefined" />
          </rights>
        </ace>
        <ace id="-105">
          <usersandgroups>
            <group id="105" name="北区监理-建科咨询" />
          </usersandgroups>
          <rights>
            <read pos="1" value="Allowed" />
            <edit pos="2" value="Allowed" />
            <changepermissions pos="3" value="NotDefined" />
            <delete pos="4" value="NotDefined" />
          </rights>
        </ace>
        <ace id="-104">
          <usersandgroups>
            <group id="104" name="中民外滩工程部" />
          </usersandgroups>
          <rights>
            <read pos="1" value="Allowed" />
            <edit pos="2" value="NotDefined" />
            <changepermissions pos="3" value="NotDefined" />
            <delete pos="4" value="NotDefined" />
          </rights>
        </ace>
        <ace id="-102">
          <usersandgroups>
            <group id="102" name="北区总包-上海建工" />
          </usersandgroups>
          <rights>
            <read pos="1" value="Allowed" />
            <edit pos="2" value="NotDefined" />
            <changepermissions pos="3" value="NotDefined" />
            <delete pos="4" value="NotDefined" />
          </rights>
        </ace>
        <ace id="-101">
          <usersandgroups>
            <group id="101" name="南区总包-中建八局" />
          </usersandgroups>
          <rights>
            <read pos="1" value="Allowed" />
            <edit pos="2" value="NotDefined" />
            <changepermissions pos="3" value="NotDefined" />
            <delete pos="4" value="NotDefined" />
          </rights>
        </ace>
      </aclcomponent>
    </acl>
    <acl id="aclcache-1-16" ignorelci="false">
      <aclcomponent>
        <ace id="-112">
          <usersandgroups>
            <group id="112" name="南区监理-建设监理" />
          </usersandgroups>
          <rights>
            <read pos="1" value="Allowed" />
            <edit pos="2" value="Allowed" />
            <changepermissions pos="3" value="NotDefined" />
            <delete pos="4" value="NotDefined" />
          </rights>
        </ace>
        <ace id="-105">
          <usersandgroups>
            <group id="105" name="北区监理-建科咨询" />
          </usersandgroups>
          <rights>
            <read pos="1" value="Allowed" />
            <edit pos="2" value="Allowed" />
            <changepermissions pos="3" value="NotDefined" />
            <delete pos="4" value="NotDefined" />
          </rights>
        </ace>
        <ace id="PD25">
          <pseudouserelements>
            <pseudouserelement id="25" name="创建者" pos="1" type="PropertyDef" />
          </pseudouserelements>
          <usersandgroups />
          <rights>
            <read pos="1" value="Allowed" />
            <edit pos="2" value="Allowed" />
            <changepermissions pos="3" value="NotDefined" />
            <delete pos="4" value="NotDefined" />
          </rights>
        </ace>
        <ace id="PD1061">
          <pseudouserelements>
            <pseudouserelement id="1061" name="负责人审核" pos="1" type="PropertyDef" />
          </pseudouserelements>
          <usersandgroups />
          <rights>
            <read pos="1" value="Allowed" />
            <edit pos="2" value="Allowed" />
            <changepermissions pos="3" value="NotDefined" />
            <delete pos="4" value="NotDefined" />
          </rights>
        </ace>
      </aclcomponent>
    </acl>
    <acl id="aclcache-1-21" ignorelci="false">
      <aclcomponent>
        <ace id="-104">
          <usersandgroups>
            <group id="104" name="中民外滩工程部" />
          </usersandgroups>
          <rights>
            <read pos="1" value="Allowed" />
            <edit pos="2" value="NotDefined" />
            <changepermissions pos="3" value="NotDefined" />
            <delete pos="4" value="NotDefined" />
          </rights>
        </ace>
        <ace id="PD1059">
          <pseudouserelements>
            <pseudouserelement id="1059" name="收件单位" pos="1" type="PropertyDef" />
          </pseudouserelements>
          <usersandgroups />
          <rights>
            <read pos="1" value="Allowed" />
            <edit pos="2" value="NotDefined" />
            <changepermissions pos="3" value="NotDefined" />
            <delete pos="4" value="NotDefined" />
          </rights>
        </ace>
        <ace id="PD1060">
          <pseudouserelements>
            <pseudouserelement id="1060" name="收件人" pos="1" type="PropertyDef" />
          </pseudouserelements>
          <usersandgroups />
          <rights>
            <read pos="1" value="Allowed" />
            <edit pos="2" value="NotDefined" />
            <changepermissions pos="3" value="NotDefined" />
            <delete pos="4" value="NotDefined" />
          </rights>
        </ace>
        <ace id="PD1062">
          <pseudouserelements>
            <pseudouserelement id="1062" name="抄送单位" pos="1" type="PropertyDef" />
          </pseudouserelements>
          <usersandgroups />
          <rights>
            <read pos="1" value="Allowed" />
            <edit pos="2" value="NotDefined" />
            <changepermissions pos="3" value="NotDefined" />
            <delete pos="4" value="NotDefined" />
          </rights>
        </ace>
      </aclcomponent>
    </acl>
    <acl id="aclcache-1-22" ignorelci="false">
      <aclcomponent>
        <ace id="-112">
          <usersandgroups>
            <group id="112" name="南区监理-建设监理" />
          </usersandgroups>
          <rights>
            <read pos="1" value="Allowed" />
            <edit pos="2" value="NotDefined" />
            <changepermissions pos="3" value="NotDefined" />
            <delete pos="4" value="NotDefined" />
          </rights>
        </ace>
        <ace id="-105">
          <usersandgroups>
            <group id="105" name="北区监理-建科咨询" />
          </usersandgroups>
          <rights>
            <read pos="1" value="Allowed" />
            <edit pos="2" value="NotDefined" />
            <changepermissions pos="3" value="NotDefined" />
            <delete pos="4" value="NotDefined" />
          </rights>
        </ace>
        <ace id="-104">
          <usersandgroups>
            <group id="104" name="中民外滩工程部" />
          </usersandgroups>
          <rights>
            <read pos="1" value="Allowed" />
            <edit pos="2" value="NotDefined" />
            <changepermissions pos="3" value="NotDefined" />
            <delete pos="4" value="NotDefined" />
          </rights>
        </ace>
        <ace id="-102">
          <usersandgroups>
            <group id="102" name="北区总包-上海建工" />
          </usersandgroups>
          <rights>
            <read pos="1" value="Allowed" />
            <edit pos="2" value="NotDefined" />
            <changepermissions pos="3" value="NotDefined" />
            <delete pos="4" value="NotDefined" />
          </rights>
        </ace>
        <ace id="-101">
          <usersandgroups>
            <group id="101" name="南区总包-中建八局" />
          </usersandgroups>
          <rights>
            <read pos="1" value="Allowed" />
            <edit pos="2" value="NotDefined" />
            <changepermissions pos="3" value="NotDefined" />
            <delete pos="4" value="NotDefined" />
          </rights>
        </ace>
        <ace id="PD1062">
          <pseudouserelements>
            <pseudouserelement id="1062" name="抄送单位" pos="1" type="PropertyDef" />
          </pseudouserelements>
          <usersandgroups />
          <rights>
            <read pos="1" value="Allowed" />
            <edit pos="2" value="NotDefined" />
            <changepermissions pos="3" value="NotDefined" />
            <delete pos="4" value="NotDefined" />
          </rights>
        </ace>
      </aclcomponent>
    </acl>
    <acl id="aclcache-1-14" ignorelci="false">
      <aclcomponent>
        <ace id="-112">
          <usersandgroups>
            <group id="112" name="南区监理-建设监理" />
          </usersandgroups>
          <rights>
            <read pos="1" value="Allowed" />
            <edit pos="2" value="NotDefined" />
            <changepermissions pos="3" value="NotDefined" />
            <delete pos="4" value="NotDefined" />
          </rights>
        </ace>
        <ace id="-105">
          <usersandgroups>
            <group id="105" name="北区监理-建科咨询" />
          </usersandgroups>
          <rights>
            <read pos="1" value="Allowed" />
            <edit pos="2" value="NotDefined" />
            <changepermissions pos="3" value="NotDefined" />
            <delete pos="4" value="NotDefined" />
          </rights>
        </ace>
        <ace id="-104">
          <usersandgroups>
            <group id="104" name="中民外滩工程部" />
          </usersandgroups>
          <rights>
            <read pos="1" value="Allowed" />
            <edit pos="2" value="NotDefined" />
            <changepermissions pos="3" value="NotDefined" />
            <delete pos="4" value="NotDefined" />
          </rights>
        </ace>
        <ace id="-102">
          <usersandgroups>
            <group id="102" name="北区总包-上海建工" />
          </usersandgroups>
          <rights>
            <read pos="1" value="Allowed" />
            <edit pos="2" value="NotDefined" />
            <changepermissions pos="3" value="NotDefined" />
            <delete pos="4" value="NotDefined" />
          </rights>
        </ace>
        <ace id="-101">
          <usersandgroups>
            <group id="101" name="南区总包-中建八局" />
          </usersandgroups>
          <rights>
            <read pos="1" value="Allowed" />
            <edit pos="2" value="NotDefined" />
            <changepermissions pos="3" value="NotDefined" />
            <delete pos="4" value="NotDefined" />
          </rights>
        </ace>
        <ace id="PD1093">
          <pseudouserelements>
            <pseudouserelement id="1093" name="监理总监审批" pos="1" type="PropertyDef" />
          </pseudouserelements>
          <usersandgroups />
          <rights>
            <read pos="1" value="Allowed" />
            <edit pos="2" value="NotDefined" />
            <changepermissions pos="3" value="NotDefined" />
            <delete pos="4" value="NotDefined" />
          </rights>
        </ace>
      </aclcomponent>
    </acl>
    <acl id="aclcache-1-17" ignorelci="false">
      <aclcomponent>
        <ace id="-112">
          <usersandgroups>
            <group id="112" name="南区监理-建设监理" />
          </usersandgroups>
          <rights>
            <read pos="1" value="Allowed" />
            <edit pos="2" value="Allowed" />
            <changepermissions pos="3" value="NotDefined" />
            <delete pos="4" value="NotDefined" />
          </rights>
        </ace>
        <ace id="-105">
          <usersandgroups>
            <group id="105" name="北区监理-建科咨询" />
          </usersandgroups>
          <rights>
            <read pos="1" value="Allowed" />
            <edit pos="2" value="Allowed" />
            <changepermissions pos="3" value="NotDefined" />
            <delete pos="4" value="NotDefined" />
          </rights>
        </ace>
        <ace id="PD25">
          <pseudouserelements>
            <pseudouserelement id="25" name="创建者" pos="1" type="PropertyDef" />
          </pseudouserelements>
          <usersandgroups />
          <rights>
            <read pos="1" value="Allowed" />
            <edit pos="2" value="Allowed" />
            <changepermissions pos="3" value="NotDefined" />
            <delete pos="4" value="NotDefined" />
          </rights>
        </ace>
        <ace id="PD1061">
          <pseudouserelements>
            <pseudouserelement id="1061" name="负责人审核" pos="1" type="PropertyDef" />
          </pseudouserelements>
          <usersandgroups />
          <rights>
            <read pos="1" value="Allowed" />
            <edit pos="2" value="Allowed" />
            <changepermissions pos="3" value="NotDefined" />
            <delete pos="4" value="NotDefined" />
          </rights>
        </ace>
        <ace id="PD1107">
          <pseudouserelements>
            <pseudouserelement id="1107" name="参会人" pos="1" type="PropertyDef" />
          </pseudouserelements>
          <usersandgroups />
          <rights>
            <read pos="1" value="Allowed" />
            <edit pos="2" value="Allowed" />
            <changepermissions pos="3" value="NotDefined" />
            <delete pos="4" value="NotDefined" />
          </rights>
        </ace>
      </aclcomponent>
    </acl>
    <acl id="aclcache-1-4" ignorelci="false">
      <aclcomponent>
        <ace id="-104">
          <usersandgroups>
            <group id="104" name="中民外滩工程部" />
          </usersandgroups>
          <rights>
            <read pos="1" value="Allowed" />
            <edit pos="2" value="NotDefined" />
            <changepermissions pos="3" value="NotDefined" />
            <delete pos="4" value="NotDefined" />
          </rights>
        </ace>
        <ace id="PD1059">
          <pseudouserelements>
            <pseudouserelement id="1059" name="收件单位" pos="1" type="PropertyDef" />
          </pseudouserelements>
          <usersandgroups />
          <rights>
            <read pos="1" value="Allowed" />
            <edit pos="2" value="NotDefined" />
            <changepermissions pos="3" value="NotDefined" />
            <delete pos="4" value="NotDefined" />
          </rights>
        </ace>
        <ace id="PD1060">
          <pseudouserelements>
            <pseudouserelement id="1060" name="收件人" pos="1" type="PropertyDef" />
          </pseudouserelements>
          <usersandgroups />
          <rights>
            <read pos="1" value="Allowed" />
            <edit pos="2" value="NotDefined" />
            <changepermissions pos="3" value="NotDefined" />
            <delete pos="4" value="NotDefined" />
          </rights>
        </ace>
        <ace id="PD1061">
          <pseudouserelements>
            <pseudouserelement id="1061" name="负责人审核" pos="1" type="PropertyDef" />
          </pseudouserelements>
          <usersandgroups />
          <rights>
            <read pos="1" value="Allowed" />
            <edit pos="2" value="NotDefined" />
            <changepermissions pos="3" value="NotDefined" />
            <delete pos="4" value="NotDefined" />
          </rights>
        </ace>
        <ace id="PD1062">
          <pseudouserelements>
            <pseudouserelement id="1062" name="抄送单位" pos="1" type="PropertyDef" />
          </pseudouserelements>
          <usersandgroups />
          <rights>
            <read pos="1" value="Allowed" />
            <edit pos="2" value="NotDefined" />
            <changepermissions pos="3" value="NotDefined" />
            <delete pos="4" value="NotDefined" />
          </rights>
        </ace>
      </aclcomponent>
    </acl>
    <acl id="aclcache-1-12" ignorelci="false">
      <aclcomponent>
        <ace id="-112">
          <usersandgroups>
            <group id="112" name="南区监理-建设监理" />
          </usersandgroups>
          <rights>
            <read pos="1" value="Allowed" />
            <edit pos="2" value="NotDefined" />
            <changepermissions pos="3" value="NotDefined" />
            <delete pos="4" value="NotDefined" />
          </rights>
        </ace>
        <ace id="-105">
          <usersandgroups>
            <group id="105" name="北区监理-建科咨询" />
          </usersandgroups>
          <rights>
            <read pos="1" value="Allowed" />
            <edit pos="2" value="NotDefined" />
            <changepermissions pos="3" value="NotDefined" />
            <delete pos="4" value="NotDefined" />
          </rights>
        </ace>
        <ace id="-104">
          <usersandgroups>
            <group id="104" name="中民外滩工程部" />
          </usersandgroups>
          <rights>
            <read pos="1" value="Allowed" />
            <edit pos="2" value="NotDefined" />
            <changepermissions pos="3" value="NotDefined" />
            <delete pos="4" value="NotDefined" />
          </rights>
        </ace>
        <ace id="PD1059">
          <pseudouserelements>
            <pseudouserelement id="1059" name="收件单位" pos="1" type="PropertyDef" />
          </pseudouserelements>
          <usersandgroups />
          <rights>
            <read pos="1" value="Allowed" />
            <edit pos="2" value="NotDefined" />
            <changepermissions pos="3" value="NotDefined" />
            <delete pos="4" value="NotDefined" />
          </rights>
        </ace>
        <ace id="PD1060">
          <pseudouserelements>
            <pseudouserelement id="1060" name="收件人" pos="1" type="PropertyDef" />
          </pseudouserelements>
          <usersandgroups />
          <rights>
            <read pos="1" value="Allowed" />
            <edit pos="2" value="NotDefined" />
            <changepermissions pos="3" value="NotDefined" />
            <delete pos="4" value="NotDefined" />
          </rights>
        </ace>
        <ace id="PD1062">
          <pseudouserelements>
            <pseudouserelement id="1062" name="抄送单位" pos="1" type="PropertyDef" />
          </pseudouserelements>
          <usersandgroups />
          <rights>
            <read pos="1" value="Allowed" />
            <edit pos="2" value="NotDefined" />
            <changepermissions pos="3" value="NotDefined" />
            <delete pos="4" value="NotDefined" />
          </rights>
        </ace>
      </aclcomponent>
    </acl>
    <acl id="aclcache-1-18" ignorelci="false">
      <aclcomponent>
        <ace id="PD25">
          <pseudouserelements>
            <pseudouserelement id="25" name="创建者" pos="1" type="PropertyDef" />
          </pseudouserelements>
          <usersandgroups />
          <rights>
            <read pos="1" value="Allowed" />
            <edit pos="2" value="NotDefined" />
            <changepermissions pos="3" value="NotDefined" />
            <delete pos="4" value="NotDefined" />
          </rights>
        </ace>
        <ace id="PD1061">
          <pseudouserelements>
            <pseudouserelement id="1061" name="负责人审核" pos="1" type="PropertyDef" />
          </pseudouserelements>
          <usersandgroups />
          <rights>
            <read pos="1" value="Allowed" />
            <edit pos="2" value="NotDefined" />
            <changepermissions pos="3" value="NotDefined" />
            <delete pos="4" value="NotDefined" />
          </rights>
        </ace>
        <ace id="PD1062">
          <pseudouserelements>
            <pseudouserelement id="1062" name="抄送单位" pos="1" type="PropertyDef" />
          </pseudouserelements>
          <usersandgroups />
          <rights>
            <read pos="1" value="Allowed" />
            <edit pos="2" value="NotDefined" />
            <changepermissions pos="3" value="NotDefined" />
            <delete pos="4" value="NotDefined" />
          </rights>
        </ace>
        <ace id="PD1107">
          <pseudouserelements>
            <pseudouserelement id="1107" name="参会人" pos="1" type="PropertyDef" />
          </pseudouserelements>
          <usersandgroups />
          <rights>
            <read pos="1" value="Allowed" />
            <edit pos="2" value="NotDefined" />
            <changepermissions pos="3" value="NotDefined" />
            <delete pos="4" value="NotDefined" />
          </rights>
        </ace>
        <ace id="PD1108">
          <pseudouserelements>
            <pseudouserelement id="1108" name="参会单位" pos="1" type="PropertyDef" />
          </pseudouserelements>
          <usersandgroups />
          <rights>
            <read pos="1" value="Allowed" />
            <edit pos="2" value="NotDefined" />
            <changepermissions pos="3" value="NotDefined" />
            <delete pos="4" value="NotDefined" />
          </rights>
        </ace>
      </aclcomponent>
    </acl>
    <acl id="aclcache-1-8" ignorelci="false">
      <aclcomponent>
        <ace id="-112">
          <usersandgroups>
            <group id="112" name="南区监理-建设监理" />
          </usersandgroups>
          <rights>
            <read pos="1" value="Allowed" />
            <edit pos="2" value="NotDefined" />
            <changepermissions pos="3" value="NotDefined" />
            <delete pos="4" value="NotDefined" />
          </rights>
        </ace>
        <ace id="-105">
          <usersandgroups>
            <group id="105" name="北区监理-建科咨询" />
          </usersandgroups>
          <rights>
            <read pos="1" value="Allowed" />
            <edit pos="2" value="NotDefined" />
            <changepermissions pos="3" value="NotDefined" />
            <delete pos="4" value="NotDefined" />
          </rights>
        </ace>
        <ace id="-104">
          <usersandgroups>
            <group id="104" name="中民外滩工程部" />
          </usersandgroups>
          <rights>
            <read pos="1" value="Allowed" />
            <edit pos="2" value="NotDefined" />
            <changepermissions pos="3" value="NotDefined" />
            <delete pos="4" value="NotDefined" />
          </rights>
        </ace>
        <ace id="-102">
          <usersandgroups>
            <group id="102" name="北区总包-上海建工" />
          </usersandgroups>
          <rights>
            <read pos="1" value="Allowed" />
            <edit pos="2" value="Allowed" />
            <changepermissions pos="3" value="NotDefined" />
            <delete pos="4" value="NotDefined" />
          </rights>
        </ace>
        <ace id="-101">
          <usersandgroups>
            <group id="101" name="南区总包-中建八局" />
          </usersandgroups>
          <rights>
            <read pos="1" value="Allowed" />
            <edit pos="2" value="Allowed" />
            <changepermissions pos="3" value="NotDefined" />
            <delete pos="4" value="NotDefined" />
          </rights>
        </ace>
        <ace id="PD1059">
          <pseudouserelements>
            <pseudouserelement id="1059" name="收件单位" pos="1" type="PropertyDef" />
          </pseudouserelements>
          <usersandgroups />
          <rights>
            <read pos="1" value="Allowed" />
            <edit pos="2" value="NotDefined" />
            <changepermissions pos="3" value="NotDefined" />
            <delete pos="4" value="NotDefined" />
          </rights>
        </ace>
        <ace id="PD1062">
          <pseudouserelements>
            <pseudouserelement id="1062" name="抄送单位" pos="1" type="PropertyDef" />
          </pseudouserelements>
          <usersandgroups />
          <rights>
            <read pos="1" value="Allowed" />
            <edit pos="2" value="NotDefined" />
            <changepermissions pos="3" value="NotDefined" />
            <delete pos="4" value="NotDefined" />
          </rights>
        </ace>
      </aclcomponent>
    </acl>
    <acl id="aclcache-1-7" ignorelci="false">
      <aclcomponent>
        <ace id="-112">
          <usersandgroups>
            <group id="112" name="南区监理-建设监理" />
          </usersandgroups>
          <rights>
            <read pos="1" value="Allowed" />
            <edit pos="2" value="NotDefined" />
            <changepermissions pos="3" value="NotDefined" />
            <delete pos="4" value="NotDefined" />
          </rights>
        </ace>
        <ace id="-105">
          <usersandgroups>
            <group id="105" name="北区监理-建科咨询" />
          </usersandgroups>
          <rights>
            <read pos="1" value="Allowed" />
            <edit pos="2" value="NotDefined" />
            <changepermissions pos="3" value="NotDefined" />
            <delete pos="4" value="NotDefined" />
          </rights>
        </ace>
        <ace id="-104">
          <usersandgroups>
            <group id="104" name="中民外滩工程部" />
          </usersandgroups>
          <rights>
            <read pos="1" value="Allowed" />
            <edit pos="2" value="NotDefined" />
            <changepermissions pos="3" value="NotDefined" />
            <delete pos="4" value="NotDefined" />
          </rights>
        </ace>
        <ace id="-102">
          <usersandgroups>
            <group id="102" name="北区总包-上海建工" />
          </usersandgroups>
          <rights>
            <read pos="1" value="Allowed" />
            <edit pos="2" value="NotDefined" />
            <changepermissions pos="3" value="NotDefined" />
            <delete pos="4" value="NotDefined" />
          </rights>
        </ace>
        <ace id="-101">
          <usersandgroups>
            <group id="101" name="南区总包-中建八局" />
          </usersandgroups>
          <rights>
            <read pos="1" value="Allowed" />
            <edit pos="2" value="NotDefined" />
            <changepermissions pos="3" value="NotDefined" />
            <delete pos="4" value="NotDefined" />
          </rights>
        </ace>
        <ace id="PD1059">
          <pseudouserelements>
            <pseudouserelement id="1059" name="收件单位" pos="1" type="PropertyDef" />
          </pseudouserelements>
          <usersandgroups />
          <rights>
            <read pos="1" value="Allowed" />
            <edit pos="2" value="NotDefined" />
            <changepermissions pos="3" value="NotDefined" />
            <delete pos="4" value="NotDefined" />
          </rights>
        </ace>
        <ace id="PD1060">
          <pseudouserelements>
            <pseudouserelement id="1060" name="收件人" pos="1" type="PropertyDef" />
          </pseudouserelements>
          <usersandgroups />
          <rights>
            <read pos="1" value="Allowed" />
            <edit pos="2" value="NotDefined" />
            <changepermissions pos="3" value="NotDefined" />
            <delete pos="4" value="NotDefined" />
          </rights>
        </ace>
        <ace id="PD1062">
          <pseudouserelements>
            <pseudouserelement id="1062" name="抄送单位" pos="1" type="PropertyDef" />
          </pseudouserelements>
          <usersandgroups />
          <rights>
            <read pos="1" value="Allowed" />
            <edit pos="2" value="NotDefined" />
            <changepermissions pos="3" value="NotDefined" />
            <delete pos="4" value="NotDefined" />
          </rights>
        </ace>
      </aclcomponent>
    </acl>
    <acl id="aclcache-1-11" ignorelci="false">
      <aclcomponent>
        <ace id="-112">
          <usersandgroups>
            <group id="112" name="南区监理-建设监理" />
          </usersandgroups>
          <rights>
            <read pos="1" value="Allowed" />
            <edit pos="2" value="NotDefined" />
            <changepermissions pos="3" value="NotDefined" />
            <delete pos="4" value="NotDefined" />
          </rights>
        </ace>
        <ace id="-105">
          <usersandgroups>
            <group id="105" name="北区监理-建科咨询" />
          </usersandgroups>
          <rights>
            <read pos="1" value="Allowed" />
            <edit pos="2" value="NotDefined" />
            <changepermissions pos="3" value="NotDefined" />
            <delete pos="4" value="NotDefined" />
          </rights>
        </ace>
        <ace id="-104">
          <usersandgroups>
            <group id="104" name="中民外滩工程部" />
          </usersandgroups>
          <rights>
            <read pos="1" value="Allowed" />
            <edit pos="2" value="NotDefined" />
            <changepermissions pos="3" value="NotDefined" />
            <delete pos="4" value="NotDefined" />
          </rights>
        </ace>
        <ace id="-102">
          <usersandgroups>
            <group id="102" name="北区总包-上海建工" />
          </usersandgroups>
          <rights>
            <read pos="1" value="Allowed" />
            <edit pos="2" value="NotDefined" />
            <changepermissions pos="3" value="NotDefined" />
            <delete pos="4" value="NotDefined" />
          </rights>
        </ace>
        <ace id="-101">
          <usersandgroups>
            <group id="101" name="南区总包-中建八局" />
          </usersandgroups>
          <rights>
            <read pos="1" value="Allowed" />
            <edit pos="2" value="NotDefined" />
            <changepermissions pos="3" value="NotDefined" />
            <delete pos="4" value="NotDefined" />
          </rights>
        </ace>
        <ace id="PD1059">
          <pseudouserelements>
            <pseudouserelement id="1059" name="收件单位" pos="1" type="PropertyDef" />
          </pseudouserelements>
          <usersandgroups />
          <rights>
            <read pos="1" value="Allowed" />
            <edit pos="2" value="NotDefined" />
            <changepermissions pos="3" value="NotDefined" />
            <delete pos="4" value="NotDefined" />
          </rights>
        </ace>
        <ace id="PD1061">
          <pseudouserelements>
            <pseudouserelement id="1061" name="负责人审核" pos="1" type="PropertyDef" />
          </pseudouserelements>
          <usersandgroups />
          <rights>
            <read pos="1" value="Allowed" />
            <edit pos="2" value="NotDefined" />
            <changepermissions pos="3" value="NotDefined" />
            <delete pos="4" value="NotDefined" />
          </rights>
        </ace>
        <ace id="PD1062">
          <pseudouserelements>
            <pseudouserelement id="1062" name="抄送单位" pos="1" type="PropertyDef" />
          </pseudouserelements>
          <usersandgroups />
          <rights>
            <read pos="1" value="Allowed" />
            <edit pos="2" value="NotDefined" />
            <changepermissions pos="3" value="NotDefined" />
            <delete pos="4" value="NotDefined" />
          </rights>
        </ace>
        <ace id="PD1081">
          <pseudouserelements>
            <pseudouserelement id="1081" name="发件人" pos="1" type="PropertyDef" />
          </pseudouserelements>
          <usersandgroups />
          <rights>
            <read pos="1" value="Allowed" />
            <edit pos="2" value="NotDefined" />
            <changepermissions pos="3" value="NotDefined" />
            <delete pos="4" value="NotDefined" />
          </rights>
        </ace>
      </aclcomponent>
    </acl>
    <acl id="aclcache-2-6">
      <aclcomponent>
        <ace id="-2">
          <usersandgroups>
            <group id="2" name="所有内部和外部的用户" />
          </usersandgroups>
          <rights>
            <see pos="1" value="Allowed" />
            <attachobjects pos="5" value="NotDefined" />
          </rights>
        </ace>
      </aclcomponent>
    </acl>
    <acl id="aclcache-2-1">
      <aclcomponent>
        <ace id="-2">
          <usersandgroups>
            <group id="2" name="所有内部和外部的用户" />
          </usersandgroups>
          <rights>
            <see pos="1" value="Allowed" />
            <attachobjects pos="5" value="Allowed" />
          </rights>
        </ace>
      </aclcomponent>
    </acl>
    <acl id="aclcache-2-11">
      <aclcomponent>
        <ace id="-112">
          <usersandgroups>
            <group id="112" name="南区监理-建设监理" />
          </usersandgroups>
          <rights>
            <see pos="1" value="Allowed" />
            <attachobjects pos="5" value="Allowed" />
          </rights>
        </ace>
        <ace id="-105">
          <usersandgroups>
            <group id="105" name="北区监理-建科咨询" />
          </usersandgroups>
          <rights>
            <see pos="1" value="Allowed" />
            <attachobjects pos="5" value="Allowed" />
          </rights>
        </ace>
      </aclcomponent>
    </acl>
    <acl id="aclcache-2-7">
      <aclcomponent>
        <ace id="-104">
          <usersandgroups>
            <group id="104" name="中民外滩工程部" />
          </usersandgroups>
          <rights>
            <see pos="1" value="Allowed" />
            <attachobjects pos="5" value="Allowed" />
          </rights>
        </ace>
        <ace id="-103">
          <usersandgroups>
            <group id="103" name="凯德数值" />
          </usersandgroups>
          <rights>
            <see pos="1" value="Allowed" />
            <attachobjects pos="5" value="Allowed" />
          </rights>
        </ace>
      </aclcomponent>
    </acl>
    <acl id="aclcache-2-4">
      <aclcomponent>
        <ace id="-102">
          <usersandgroups>
            <group id="102" name="北区总包-上海建工" />
          </usersandgroups>
          <rights>
            <see pos="1" value="Allowed" />
            <attachobjects pos="5" value="Allowed" />
          </rights>
        </ace>
        <ace id="-101">
          <usersandgroups>
            <group id="101" name="南区总包-中建八局" />
          </usersandgroups>
          <rights>
            <see pos="1" value="Allowed" />
            <attachobjects pos="5" value="Allowed" />
          </rights>
        </ace>
      </aclcomponent>
    </acl>
    <acl id="aclcache-2-3">
      <aclcomponent>
        <ace id="-112">
          <usersandgroups>
            <group id="112" name="南区监理-建设监理" />
          </usersandgroups>
          <rights>
            <see pos="1" value="Allowed" />
            <attachobjects pos="5" value="Allowed" />
          </rights>
        </ace>
        <ace id="-105">
          <usersandgroups>
            <group id="105" name="北区监理-建科咨询" />
          </usersandgroups>
          <rights>
            <see pos="1" value="Allowed" />
            <attachobjects pos="5" value="Allowed" />
          </rights>
        </ace>
        <ace id="-2">
          <usersandgroups>
            <group id="2" name="所有内部和外部的用户" />
          </usersandgroups>
          <rights>
            <see pos="1" value="NotDefined" />
            <attachobjects pos="5" value="NotDefined" />
          </rights>
        </ace>
      </aclcomponent>
    </acl>
    <acl id="aclcache-2-9">
      <aclcomponent>
        <ace id="-112">
          <usersandgroups>
            <group id="112" name="南区监理-建设监理" />
          </usersandgroups>
          <rights>
            <see pos="1" value="Allowed" />
            <attachobjects pos="5" value="Allowed" />
          </rights>
        </ace>
        <ace id="-105">
          <usersandgroups>
            <group id="105" name="北区监理-建科咨询" />
          </usersandgroups>
          <rights>
            <see pos="1" value="Allowed" />
            <attachobjects pos="5" value="Allowed" />
          </rights>
        </ace>
        <ace id="-2">
          <usersandgroups>
            <group id="2" name="所有内部和外部的用户" />
          </usersandgroups>
          <rights>
            <see pos="1" value="Allowed" />
            <attachobjects pos="5" value="NotDefined" />
          </rights>
        </ace>
      </aclcomponent>
    </acl>
    <acl id="aclcache-2-13">
      <aclcomponent>
        <ace id="-112">
          <usersandgroups>
            <group id="112" name="南区监理-建设监理" />
          </usersandgroups>
          <rights>
            <see pos="1" value="Allowed" />
            <attachobjects pos="5" value="Allowed" />
          </rights>
        </ace>
        <ace id="-105">
          <usersandgroups>
            <group id="105" name="北区监理-建科咨询" />
          </usersandgroups>
          <rights>
            <see pos="1" value="Allowed" />
            <attachobjects pos="5" value="Allowed" />
          </rights>
        </ace>
        <ace id="-2">
          <usersandgroups>
            <group id="2" name="所有内部和外部的用户" />
          </usersandgroups>
          <rights>
            <see pos="1" value="Allowed" />
            <attachobjects pos="5" value="Allowed" />
          </rights>
        </ace>
      </aclcomponent>
    </acl>
    <acl id="aclcache-2-12">
      <aclcomponent>
        <ace id="-102">
          <usersandgroups>
            <group id="102" name="北区总包-上海建工" />
          </usersandgroups>
          <rights>
            <see pos="1" value="Allowed" />
            <attachobjects pos="5" value="Allowed" />
          </rights>
        </ace>
        <ace id="-101">
          <usersandgroups>
            <group id="101" name="南区总包-中建八局" />
          </usersandgroups>
          <rights>
            <see pos="1" value="Allowed" />
            <attachobjects pos="5" value="Allowed" />
          </rights>
        </ace>
        <ace id="-2">
          <usersandgroups>
            <group id="2" name="所有内部和外部的用户" />
          </usersandgroups>
          <rights>
            <see pos="1" value="NotDefined" />
            <attachobjects pos="5" value="NotDefined" />
          </rights>
        </ace>
      </aclcomponent>
    </acl>
    <acl id="aclcache-2-2">
      <aclcomponent>
        <ace id="-102">
          <usersandgroups>
            <group id="102" name="北区总包-上海建工" />
          </usersandgroups>
          <rights>
            <see pos="1" value="Allowed" />
            <attachobjects pos="5" value="Allowed" />
          </rights>
        </ace>
        <ace id="-101">
          <usersandgroups>
            <group id="101" name="南区总包-中建八局" />
          </usersandgroups>
          <rights>
            <see pos="1" value="Allowed" />
            <attachobjects pos="5" value="Allowed" />
          </rights>
        </ace>
        <ace id="-2">
          <usersandgroups>
            <group id="2" name="所有内部和外部的用户" />
          </usersandgroups>
          <rights>
            <see pos="1" value="Allowed" />
            <attachobjects pos="5" value="NotDefined" />
          </rights>
        </ace>
      </aclcomponent>
    </acl>
    <acl id="aclcache-2-5">
      <aclcomponent>
        <ace id="-108">
          <usersandgroups>
            <group id="108" name="中民外滩成本部" />
          </usersandgroups>
          <rights>
            <see pos="1" value="Allowed" />
            <attachobjects pos="5" value="Allowed" />
          </rights>
        </ace>
        <ace id="-107">
          <usersandgroups>
            <group id="107" name="中民外滩市场部" />
          </usersandgroups>
          <rights>
            <see pos="1" value="Allowed" />
            <attachobjects pos="5" value="Allowed" />
          </rights>
        </ace>
        <ace id="-106">
          <usersandgroups>
            <group id="106" name="中民外滩设计部" />
          </usersandgroups>
          <rights>
            <see pos="1" value="Allowed" />
            <attachobjects pos="5" value="Allowed" />
          </rights>
        </ace>
        <ace id="-104">
          <usersandgroups>
            <group id="104" name="中民外滩工程部" />
          </usersandgroups>
          <rights>
            <see pos="1" value="Allowed" />
            <attachobjects pos="5" value="Allowed" />
          </rights>
        </ace>
      </aclcomponent>
    </acl>
    <acl id="aclcache-2-10">
      <aclcomponent>
        <ace id="-112">
          <usersandgroups>
            <group id="112" name="南区监理-建设监理" />
          </usersandgroups>
          <rights>
            <see pos="1" value="Allowed" />
            <attachobjects pos="5" value="Allowed" />
          </rights>
        </ace>
        <ace id="-105">
          <usersandgroups>
            <group id="105" name="北区监理-建科咨询" />
          </usersandgroups>
          <rights>
            <see pos="1" value="Allowed" />
            <attachobjects pos="5" value="Allowed" />
          </rights>
        </ace>
        <ace id="-102">
          <usersandgroups>
            <group id="102" name="北区总包-上海建工" />
          </usersandgroups>
          <rights>
            <see pos="1" value="Allowed" />
            <attachobjects pos="5" value="Allowed" />
          </rights>
        </ace>
        <ace id="-101">
          <usersandgroups>
            <group id="101" name="南区总包-中建八局" />
          </usersandgroups>
          <rights>
            <see pos="1" value="Allowed" />
            <attachobjects pos="5" value="Allowed" />
          </rights>
        </ace>
        <ace id="-2">
          <usersandgroups>
            <group id="2" name="所有内部和外部的用户" />
          </usersandgroups>
          <rights>
            <see pos="1" value="Allowed" />
            <attachobjects pos="5" value="NotDefined" />
          </rights>
        </ace>
      </aclcomponent>
    </acl>
    <acl id="aclcache-2-14">
      <aclcomponent>
        <ace id="-108">
          <usersandgroups>
            <group id="108" name="中民外滩成本部" />
          </usersandgroups>
          <rights>
            <see pos="1" value="Allowed" />
            <attachobjects pos="5" value="Allowed" />
          </rights>
        </ace>
        <ace id="-107">
          <usersandgroups>
            <group id="107" name="中民外滩市场部" />
          </usersandgroups>
          <rights>
            <see pos="1" value="Allowed" />
            <attachobjects pos="5" value="Allowed" />
          </rights>
        </ace>
        <ace id="-106">
          <usersandgroups>
            <group id="106" name="中民外滩设计部" />
          </usersandgroups>
          <rights>
            <see pos="1" value="Allowed" />
            <attachobjects pos="5" value="Allowed" />
          </rights>
        </ace>
        <ace id="-104">
          <usersandgroups>
            <group id="104" name="中民外滩工程部" />
          </usersandgroups>
          <rights>
            <see pos="1" value="Allowed" />
            <attachobjects pos="5" value="Allowed" />
          </rights>
        </ace>
        <ace id="63">
          <usersandgroups>
            <user id="63" name="建工001-郭海军" />
          </usersandgroups>
          <rights>
            <see pos="1" value="Allowed" />
            <attachobjects pos="5" value="Allowed" />
          </rights>
        </ace>
      </aclcomponent>
    </acl>
    <acl id="aclcache-2-8">
      <aclcomponent>
        <ace id="-109">
          <usersandgroups>
            <group id="109" name="设计院" />
          </usersandgroups>
          <rights>
            <see pos="1" value="Allowed" />
            <attachobjects pos="5" value="Allowed" />
          </rights>
        </ace>
        <ace id="-108">
          <usersandgroups>
            <group id="108" name="中民外滩成本部" />
          </usersandgroups>
          <rights>
            <see pos="1" value="Allowed" />
            <attachobjects pos="5" value="Allowed" />
          </rights>
        </ace>
        <ace id="-107">
          <usersandgroups>
            <group id="107" name="中民外滩市场部" />
          </usersandgroups>
          <rights>
            <see pos="1" value="Allowed" />
            <attachobjects pos="5" value="Allowed" />
          </rights>
        </ace>
        <ace id="-106">
          <usersandgroups>
            <group id="106" name="中民外滩设计部" />
          </usersandgroups>
          <rights>
            <see pos="1" value="Allowed" />
            <attachobjects pos="5" value="Allowed" />
          </rights>
        </ace>
        <ace id="-105">
          <usersandgroups>
            <group id="105" name="北区监理-建科咨询" />
          </usersandgroups>
          <rights>
            <see pos="1" value="Allowed" />
            <attachobjects pos="5" value="Allowed" />
          </rights>
        </ace>
        <ace id="-104">
          <usersandgroups>
            <group id="104" name="中民外滩工程部" />
          </usersandgroups>
          <rights>
            <see pos="1" value="Allowed" />
            <attachobjects pos="5" value="Allowed" />
          </rights>
        </ace>
      </aclcomponent>
    </acl>
    <acl id="aclcache-3-1">
      <aclcomponent>
        <ace id="-1">
          <usersandgroups>
            <group id="1" name="所有内部用户" />
          </usersandgroups>
          <rights>
            <see pos="1" value="Allowed" />
          </rights>
        </ace>
      </aclcomponent>
    </acl>
    <acl id="aclcache-4-1">
      <aclcomponent>
        <ace id="-1">
          <usersandgroups>
            <group id="1" name="所有内部用户" />
          </usersandgroups>
          <rights>
            <movein pos="1" value="Allowed" />
            <moveout pos="2" value="Allowed" />
          </rights>
        </ace>
      </aclcomponent>
    </acl>
    <acl id="aclcache-5-1">
      <aclcomponent>
        <ace id="-1">
          <usersandgroups>
            <group id="1" name="所有内部用户" />
          </usersandgroups>
          <rights>
            <transition pos="1" value="Allowed" />
          </rights>
        </ace>
      </aclcomponent>
    </acl>
    <acl id="aclcache-6-3">
      <aclcomponent />
    </acl>
    <acl id="aclcache-6-2">
      <aclcomponent>
        <ace id="-1">
          <usersandgroups>
            <group id="1" name="所有内部用户" />
          </usersandgroups>
          <rights>
            <seename pos="1" value="Allowed" />
            <addvalues pos="2" value="NotDefined" />
          </rights>
        </ace>
      </aclcomponent>
    </acl>
    <acl id="aclcache-6-1">
      <aclcomponent>
        <ace id="-2">
          <usersandgroups>
            <group id="2" name="所有内部和外部的用户" />
          </usersandgroups>
          <rights>
            <seename pos="1" value="Allowed" />
            <addvalues pos="2" value="NotDefined" />
          </rights>
        </ace>
        <ace id="-1">
          <usersandgroups>
            <group id="1" name="所有内部用户" />
          </usersandgroups>
          <rights>
            <seename pos="1" value="Allowed" />
            <addvalues pos="2" value="Allowed" />
          </rights>
        </ace>
      </aclcomponent>
    </acl>
    <acl id="aclcache-6-5">
      <aclcomponent>
        <ace id="-2">
          <usersandgroups>
            <group id="2" name="所有内部和外部的用户" />
          </usersandgroups>
          <rights>
            <seename pos="1" value="Allowed" />
            <addvalues pos="2" value="Allowed" />
          </rights>
        </ace>
        <ace id="-1">
          <usersandgroups>
            <group id="1" name="所有内部用户" />
          </usersandgroups>
          <rights>
            <seename pos="1" value="Allowed" />
            <addvalues pos="2" value="Allowed" />
          </rights>
        </ace>
      </aclcomponent>
    </acl>
    <acl id="aclcache-6-6">
      <aclcomponent>
        <ace id="-1">
          <usersandgroups>
            <group id="1" name="所有内部用户" />
          </usersandgroups>
          <rights>
            <seename pos="1" value="NotDefined" />
            <addvalues pos="2" value="NotDefined" />
          </rights>
        </ace>
        <ace id="PD25">
          <pseudouserelements>
            <pseudouserelement id="25" name="创建者" pos="1" type="PropertyDef" />
          </pseudouserelements>
          <usersandgroups />
          <rights>
            <seename pos="1" value="Allowed" />
            <addvalues pos="2" value="Allowed" />
          </rights>
        </ace>
      </aclcomponent>
    </acl>
    <acl id="aclcache-6-4">
      <aclcomponent>
        <namedacl aliases="NaclInfoNotice" builtin="false" guid="{701520E7-ACB6-46D4-A773-DA3128B5E9E9}" id="1" name="消息通知" type="Normal" />
        <ace id="PD25">
          <pseudouserelements>
            <pseudouserelement id="25" name="创建者" pos="1" type="PropertyDef" />
          </pseudouserelements>
          <usersandgroups />
          <rights>
            <seename pos="1" value="Allowed" />
            <addvalues pos="2" value="Allowed" />
          </rights>
        </ace>
        <ace id="PD44">
          <pseudouserelements>
            <pseudouserelement id="44" name="分配给" pos="1" type="PropertyDef" />
          </pseudouserelements>
          <usersandgroups />
          <rights>
            <seename pos="1" value="Allowed" />
            <addvalues pos="2" value="NotDefined" />
          </rights>
        </ace>
        <ace id="PD1046">
          <pseudouserelements>
            <pseudouserelement id="1046" name="分配给用户组" pos="1" type="PropertyDef" />
          </pseudouserelements>
          <usersandgroups />
          <rights>
            <seename pos="1" value="Allowed" />
            <addvalues pos="2" value="NotDefined" />
          </rights>
        </ace>
        <ace id="PD1054">
          <pseudouserelements>
            <pseudouserelement id="1054" name="通知对象" pos="1" type="PropertyDef" />
          </pseudouserelements>
          <usersandgroups />
          <rights>
            <seename pos="1" value="Allowed" />
            <addvalues pos="2" value="NotDefined" />
          </rights>
        </ace>
        <ace id="PD1055">
          <pseudouserelements>
            <pseudouserelement id="1055" name="通知到组" pos="1" type="PropertyDef" />
          </pseudouserelements>
          <usersandgroups />
          <rights>
            <seename pos="1" value="Allowed" />
            <addvalues pos="2" value="Allowed" />
          </rights>
        </ace>
      </aclcomponent>
    </acl>
    <acl id="aclcache-7-3">
      <aclcomponent>
        <ace id="-2">
          <usersandgroups>
            <group id="2" name="所有内部和外部的用户" />
          </usersandgroups>
          <rights>
            <see pos="1" value="NotDefined" />
            <edit pos="2" value="Denied" />
          </rights>
        </ace>
      </aclcomponent>
    </acl>
    <acl id="aclcache-7-2">
      <aclcomponent>
        <ace id="-2">
          <usersandgroups>
            <group id="2" name="所有内部和外部的用户" />
          </usersandgroups>
          <rights>
            <see pos="1" value="Allowed" />
            <edit pos="2" value="Denied" />
          </rights>
        </ace>
      </aclcomponent>
    </acl>
    <acl id="aclcache-7-1">
      <aclcomponent>
        <ace id="-2">
          <usersandgroups>
            <group id="2" name="所有内部和外部的用户" />
          </usersandgroups>
          <rights>
            <see pos="1" value="Allowed" />
            <edit pos="2" value="Allowed" />
          </rights>
        </ace>
      </aclcomponent>
    </acl>
    <acl id="aclcache-9-1">
      <aclcomponent>
        <ace id="-2">
          <usersandgroups>
            <group id="2" name="所有内部和外部的用户" />
          </usersandgroups>
          <rights>
            <see pos="1" value="Allowed" />
          </rights>
        </ace>
      </aclcomponent>
    </acl>
    <acl id="aclcache-9-2">
      <aclcomponent>
        <ace id="-1">
          <usersandgroups>
            <group id="1" name="所有内部用户" />
          </usersandgroups>
          <rights>
            <see pos="1" value="Allowed" />
          </rights>
        </ace>
      </aclcomponent>
    </acl>
    <acl id="aclcache-10-1">
      <aclcomponent>
        <ace id="-1">
          <usersandgroups>
            <group id="1" name="所有内部用户" />
          </usersandgroups>
          <rights>
            <see pos="1" value="Allowed" />
          </rights>
        </ace>
      </aclcomponent>
    </acl>
    <acl id="aclcache-11-3">
      <aclcomponent>
        <ace id="-104">
          <usersandgroups>
            <group id="104" name="中民外滩工程部" />
          </usersandgroups>
          <rights>
            <see pos="1" value="Allowed" />
          </rights>
        </ace>
      </aclcomponent>
    </acl>
    <acl id="aclcache-11-1">
      <aclcomponent>
        <ace id="-2">
          <usersandgroups>
            <group id="2" name="所有内部和外部的用户" />
          </usersandgroups>
          <rights>
            <see pos="1" value="Allowed" />
          </rights>
        </ace>
      </aclcomponent>
    </acl>
    <acl id="aclcache-11-2">
      <aclcomponent>
        <ace id="-1">
          <usersandgroups>
            <group id="1" name="所有内部用户" />
          </usersandgroups>
          <rights>
            <see pos="1" value="Allowed" />
          </rights>
        </ace>
      </aclcomponent>
    </acl>
    <acl id="aclcache-11-4">
      <aclcomponent>
        <ace id="-107">
          <usersandgroups>
            <group id="107" name="中民外滩市场部" />
          </usersandgroups>
          <rights>
            <see pos="1" value="Allowed" />
          </rights>
        </ace>
        <ace id="-104">
          <usersandgroups>
            <group id="104" name="中民外滩工程部" />
          </usersandgroups>
          <rights>
            <see pos="1" value="Allowed" />
          </rights>
        </ace>
      </aclcomponent>
    </acl>
    <acl id="aclcache-11-5">
      <aclcomponent>
        <ace id="-1">
          <usersandgroups>
            <group id="1" name="所有内部用户" />
          </usersandgroups>
          <rights>
            <see pos="1" value="Allowed" />
          </rights>
        </ace>
        <ace id="16">
          <usersandgroups>
            <user id="16" name="八局-鲍旺" />
          </usersandgroups>
          <rights>
            <see pos="1" value="NotDefined" />
          </rights>
        </ace>
        <ace id="17">
          <usersandgroups>
            <user id="17" name="八局-张云" />
          </usersandgroups>
          <rights>
            <see pos="1" value="NotDefined" />
          </rights>
        </ace>
        <ace id="37">
          <usersandgroups>
            <user id="37" name="八局-孙鑫" />
          </usersandgroups>
          <rights>
            <see pos="1" value="NotDefined" />
          </rights>
        </ace>
        <ace id="38">
          <usersandgroups>
            <user id="38" name="八局-何旭鸿" />
          </usersandgroups>
          <rights>
            <see pos="1" value="NotDefined" />
          </rights>
        </ace>
        <ace id="39">
          <usersandgroups>
            <user id="39" name="八局-郭晓兵" />
          </usersandgroups>
          <rights>
            <see pos="1" value="NotDefined" />
          </rights>
        </ace>
        <ace id="43">
          <usersandgroups>
            <user id="43" name="八局-张敏" />
          </usersandgroups>
          <rights>
            <see pos="1" value="NotDefined" />
          </rights>
        </ace>
      </aclcomponent>
    </acl>
    <acl id="aclcache-12-1">
      <aclcomponent>
        <ace id="-2">
          <usersandgroups>
            <group id="2" name="所有内部和外部的用户" />
          </usersandgroups>
          <rights>
            <see pos="1" value="Allowed" />
          </rights>
        </ace>
      </aclcomponent>
    </acl>
    <acl id="aclcache-12-2">
      <aclcomponent>
        <ace id="-1">
          <usersandgroups>
            <group id="1" name="所有内部用户" />
          </usersandgroups>
          <rights>
            <see pos="1" value="Allowed" />
          </rights>
        </ace>
      </aclcomponent>
    </acl>
    <acl id="aclcache-12-6">
      <aclcomponent>
        <ace id="-108">
          <usersandgroups>
            <group id="108" name="中民外滩成本部" />
          </usersandgroups>
          <rights>
            <see pos="1" value="NotDefined" />
          </rights>
        </ace>
        <ace id="-107">
          <usersandgroups>
            <group id="107" name="中民外滩市场部" />
          </usersandgroups>
          <rights>
            <see pos="1" value="NotDefined" />
          </rights>
        </ace>
        <ace id="-106">
          <usersandgroups>
            <group id="106" name="中民外滩设计部" />
          </usersandgroups>
          <rights>
            <see pos="1" value="NotDefined" />
          </rights>
        </ace>
        <ace id="-104">
          <usersandgroups>
            <group id="104" name="中民外滩工程部" />
          </usersandgroups>
          <rights>
            <see pos="1" value="NotDefined" />
          </rights>
        </ace>
      </aclcomponent>
    </acl>
    <acl id="aclcache-12-5">
      <aclcomponent>
        <ace id="-108">
          <usersandgroups>
            <group id="108" name="中民外滩成本部" />
          </usersandgroups>
          <rights>
            <see pos="1" value="Allowed" />
          </rights>
        </ace>
        <ace id="-107">
          <usersandgroups>
            <group id="107" name="中民外滩市场部" />
          </usersandgroups>
          <rights>
            <see pos="1" value="Allowed" />
          </rights>
        </ace>
        <ace id="-106">
          <usersandgroups>
            <group id="106" name="中民外滩设计部" />
          </usersandgroups>
          <rights>
            <see pos="1" value="Allowed" />
          </rights>
        </ace>
        <ace id="-104">
          <usersandgroups>
            <group id="104" name="中民外滩工程部" />
          </usersandgroups>
          <rights>
            <see pos="1" value="Allowed" />
          </rights>
        </ace>
      </aclcomponent>
    </acl>
    <acl id="aclcache-12-3">
      <aclcomponent>
        <ace id="-110">
          <usersandgroups>
            <group id="110" name="顾问公司" />
          </usersandgroups>
          <rights>
            <see pos="1" value="Allowed" />
          </rights>
        </ace>
        <ace id="-108">
          <usersandgroups>
            <group id="108" name="中民外滩成本部" />
          </usersandgroups>
          <rights>
            <see pos="1" value="Allowed" />
          </rights>
        </ace>
        <ace id="-107">
          <usersandgroups>
            <group id="107" name="中民外滩市场部" />
          </usersandgroups>
          <rights>
            <see pos="1" value="Allowed" />
          </rights>
        </ace>
        <ace id="-106">
          <usersandgroups>
            <group id="106" name="中民外滩设计部" />
          </usersandgroups>
          <rights>
            <see pos="1" value="Allowed" />
          </rights>
        </ace>
        <ace id="-104">
          <usersandgroups>
            <group id="104" name="中民外滩工程部" />
          </usersandgroups>
          <rights>
            <see pos="1" value="Allowed" />
          </rights>
        </ace>
      </aclcomponent>
    </acl>
    <acl id="aclcache-12-4">
      <aclcomponent>
        <ace id="-110">
          <usersandgroups>
            <group id="110" name="顾问公司" />
          </usersandgroups>
          <rights>
            <see pos="1" value="Allowed" />
          </rights>
        </ace>
        <ace id="-109">
          <usersandgroups>
            <group id="109" name="设计院" />
          </usersandgroups>
          <rights>
            <see pos="1" value="Allowed" />
          </rights>
        </ace>
        <ace id="-108">
          <usersandgroups>
            <group id="108" name="中民外滩成本部" />
          </usersandgroups>
          <rights>
            <see pos="1" value="Allowed" />
          </rights>
        </ace>
        <ace id="-107">
          <usersandgroups>
            <group id="107" name="中民外滩市场部" />
          </usersandgroups>
          <rights>
            <see pos="1" value="Allowed" />
          </rights>
        </ace>
        <ace id="-106">
          <usersandgroups>
            <group id="106" name="中民外滩设计部" />
          </usersandgroups>
          <rights>
            <see pos="1" value="Allowed" />
          </rights>
        </ace>
        <ace id="-104">
          <usersandgroups>
            <group id="104" name="中民外滩工程部" />
          </usersandgroups>
          <rights>
            <see pos="1" value="Allowed" />
          </rights>
        </ace>
      </aclcomponent>
    </acl>
    <acl id="aclcache-13-1">
      <aclcomponent>
        <ace id="-1">
          <usersandgroups>
            <group id="1" name="所有内部用户" />
          </usersandgroups>
          <rights>
            <see pos="1" value="Allowed" />
          </rights>
        </ace>
      </aclcomponent>
    </acl>
    <acl id="aclcache-13-3">
      <aclcomponent>
        <ace id="-117">
          <usersandgroups>
            <group id="117" name="南区监测-岩勘院" />
          </usersandgroups>
          <rights>
            <see pos="1" value="Allowed" />
          </rights>
        </ace>
        <ace id="-115">
          <usersandgroups>
            <group id="115" name="中民外滩财务部" />
          </usersandgroups>
          <rights>
            <see pos="1" value="Allowed" />
          </rights>
        </ace>
        <ace id="-114">
          <usersandgroups>
            <group id="114" name="中民外滩综合管理部" />
          </usersandgroups>
          <rights>
            <see pos="1" value="Allowed" />
          </rights>
        </ace>
        <ace id="-113">
          <usersandgroups>
            <group id="113" name="检测-申元岩土" />
          </usersandgroups>
          <rights>
            <see pos="1" value="Allowed" />
          </rights>
        </ace>
        <ace id="-112">
          <usersandgroups>
            <group id="112" name="南区监理-建设监理" />
          </usersandgroups>
          <rights>
            <see pos="1" value="Allowed" />
          </rights>
        </ace>
        <ace id="-110">
          <usersandgroups>
            <group id="110" name="顾问公司" />
          </usersandgroups>
          <rights>
            <see pos="1" value="Allowed" />
          </rights>
        </ace>
        <ace id="-109">
          <usersandgroups>
            <group id="109" name="设计院" />
          </usersandgroups>
          <rights>
            <see pos="1" value="Allowed" />
          </rights>
        </ace>
        <ace id="-108">
          <usersandgroups>
            <group id="108" name="中民外滩成本部" />
          </usersandgroups>
          <rights>
            <see pos="1" value="Allowed" />
          </rights>
        </ace>
        <ace id="-107">
          <usersandgroups>
            <group id="107" name="中民外滩市场部" />
          </usersandgroups>
          <rights>
            <see pos="1" value="Allowed" />
          </rights>
        </ace>
        <ace id="-106">
          <usersandgroups>
            <group id="106" name="中民外滩设计部" />
          </usersandgroups>
          <rights>
            <see pos="1" value="Allowed" />
          </rights>
        </ace>
        <ace id="-104">
          <usersandgroups>
            <group id="104" name="中民外滩工程部" />
          </usersandgroups>
          <rights>
            <see pos="1" value="Allowed" />
          </rights>
        </ace>
        <ace id="-103">
          <usersandgroups>
            <group id="103" name="凯德数值" />
          </usersandgroups>
          <rights>
            <see pos="1" value="Allowed" />
          </rights>
        </ace>
        <ace id="-101">
          <usersandgroups>
            <group id="101" name="南区总包-中建八局" />
          </usersandgroups>
          <rights>
            <see pos="1" value="Allowed" />
          </rights>
        </ace>
      </aclcomponent>
    </acl>
    <acl id="aclcache-13-2">
      <aclcomponent>
        <ace id="-116">
          <usersandgroups>
            <group id="116" name="北区监测-城建院" />
          </usersandgroups>
          <rights>
            <see pos="1" value="Allowed" />
          </rights>
        </ace>
        <ace id="-115">
          <usersandgroups>
            <group id="115" name="中民外滩财务部" />
          </usersandgroups>
          <rights>
            <see pos="1" value="Allowed" />
          </rights>
        </ace>
        <ace id="-114">
          <usersandgroups>
            <group id="114" name="中民外滩综合管理部" />
          </usersandgroups>
          <rights>
            <see pos="1" value="Allowed" />
          </rights>
        </ace>
        <ace id="-113">
          <usersandgroups>
            <group id="113" name="检测-申元岩土" />
          </usersandgroups>
          <rights>
            <see pos="1" value="Allowed" />
          </rights>
        </ace>
        <ace id="-110">
          <usersandgroups>
            <group id="110" name="顾问公司" />
          </usersandgroups>
          <rights>
            <see pos="1" value="Allowed" />
          </rights>
        </ace>
        <ace id="-109">
          <usersandgroups>
            <group id="109" name="设计院" />
          </usersandgroups>
          <rights>
            <see pos="1" value="Allowed" />
          </rights>
        </ace>
        <ace id="-108">
          <usersandgroups>
            <group id="108" name="中民外滩成本部" />
          </usersandgroups>
          <rights>
            <see pos="1" value="Allowed" />
          </rights>
        </ace>
        <ace id="-107">
          <usersandgroups>
            <group id="107" name="中民外滩市场部" />
          </usersandgroups>
          <rights>
            <see pos="1" value="Allowed" />
          </rights>
        </ace>
        <ace id="-106">
          <usersandgroups>
            <group id="106" name="中民外滩设计部" />
          </usersandgroups>
          <rights>
            <see pos="1" value="Allowed" />
          </rights>
        </ace>
        <ace id="-105">
          <usersandgroups>
            <group id="105" name="北区监理-建科咨询" />
          </usersandgroups>
          <rights>
            <see pos="1" value="Allowed" />
          </rights>
        </ace>
        <ace id="-104">
          <usersandgroups>
            <group id="104" name="中民外滩工程部" />
          </usersandgroups>
          <rights>
            <see pos="1" value="Allowed" />
          </rights>
        </ace>
        <ace id="-103">
          <usersandgroups>
            <group id="103" name="凯德数值" />
          </usersandgroups>
          <rights>
            <see pos="1" value="Allowed" />
          </rights>
        </ace>
        <ace id="-102">
          <usersandgroups>
            <group id="102" name="北区总包-上海建工" />
          </usersandgroups>
          <rights>
            <see pos="1" value="Allowed" />
          </rights>
        </ace>
      </aclcomponent>
    </acl>
    <acl id="aclcache-14-3">
      <aclcomponent>
        <ace id="-105">
          <usersandgroups>
            <group id="105" name="北区监理-建科咨询" />
          </usersandgroups>
          <rights>
            <see pos="1" value="Allowed" />
          </rights>
        </ace>
      </aclcomponent>
    </acl>
    <acl id="aclcache-14-2">
      <aclcomponent>
        <ace id="-2">
          <usersandgroups>
            <group id="2" name="所有内部和外部的用户" />
          </usersandgroups>
          <rights>
            <see pos="1" value="Allowed" />
          </rights>
        </ace>
      </aclcomponent>
    </acl>
    <acl id="aclcache-14-5">
      <aclcomponent>
        <ace id="-112">
          <usersandgroups>
            <group id="112" name="南区监理-建设监理" />
          </usersandgroups>
          <rights>
            <see pos="1" value="Allowed" />
          </rights>
        </ace>
        <ace id="-105">
          <usersandgroups>
            <group id="105" name="北区监理-建科咨询" />
          </usersandgroups>
          <rights>
            <see pos="1" value="Allowed" />
          </rights>
        </ace>
      </aclcomponent>
    </acl>
    <acl id="aclcache-14-1">
      <aclcomponent>
        <ace id="-104">
          <usersandgroups>
            <group id="104" name="中民外滩工程部" />
          </usersandgroups>
          <rights>
            <see pos="1" value="Allowed" />
          </rights>
        </ace>
        <ace id="-103">
          <usersandgroups>
            <group id="103" name="凯德数值" />
          </usersandgroups>
          <rights>
            <see pos="1" value="Allowed" />
          </rights>
        </ace>
      </aclcomponent>
    </acl>
    <acl id="aclcache-14-4">
      <aclcomponent>
        <ace id="-112">
          <usersandgroups>
            <group id="112" name="南区监理-建设监理" />
          </usersandgroups>
          <rights>
            <see pos="1" value="Allowed" />
          </rights>
        </ace>
        <ace id="-105">
          <usersandgroups>
            <group id="105" name="北区监理-建科咨询" />
          </usersandgroups>
          <rights>
            <see pos="1" value="Allowed" />
          </rights>
        </ace>
        <ace id="-102">
          <usersandgroups>
            <group id="102" name="北区总包-上海建工" />
          </usersandgroups>
          <rights>
            <see pos="1" value="Allowed" />
          </rights>
        </ace>
        <ace id="-101">
          <usersandgroups>
            <group id="101" name="南区总包-中建八局" />
          </usersandgroups>
          <rights>
            <see pos="1" value="Allowed" />
          </rights>
        </ace>
      </aclcomponent>
    </acl>
  </aclcache>
</prologue>