<?xml version="1.0" encoding="utf-8"?>
<content xml:space="preserve">
  <capabilities value="0" />
  <vlitem deleted="false" extidstatus="Internal" guid="{D395B39A-A53D-4B75-9157-05E2217CF07C}" id="1" otid="4" otname="传统式文件夹" value="会议通知模板">
    <acl>
      <cached id="aclcache-13-1" />
    </acl>
    <originalidentity id="1" otid="4" vaultguid="{5E6F111C-B739-445F-B903-A1A81DAD8183}" />
  </vlitem>
  <vlitem deleted="false" extidstatus="Internal" guid="{E1BFA3B0-92B1-4FBE-AD41-849A6CD61B43}" id="1" otid="102" otname="处理方式" value="请审核">
    <acl>
      <cached id="aclcache-13-1" />
    </acl>
    <originalidentity id="2" otid="108" vaultguid="{5E6F111C-B739-445F-B903-A1A81DAD8183}" />
  </vlitem>
  <vlitem deleted="false" extidstatus="Internal" guid="{F64359D6-AEA1-410F-AB17-5190929EA7E1}" id="2" otid="102" otname="处理方式" value="请审批并按照审批意见施工">
    <acl>
      <cached id="aclcache-13-1" />
    </acl>
    <originalidentity id="1" otid="108" vaultguid="{5E6F111C-B739-445F-B903-A1A81DAD8183}" />
  </vlitem>
  <vlitem deleted="false" extidstatus="Internal" guid="{DABF7EBC-7384-4B6B-A66A-0E1F03105F33}" id="3" otid="102" otname="处理方式" value="请回复">
    <acl>
      <cached id="aclcache-13-1" />
    </acl>
    <originalidentity id="3" otid="108" vaultguid="{5E6F111C-B739-445F-B903-A1A81DAD8183}" />
  </vlitem>
  <vlitem deleted="false" extidstatus="Internal" guid="{5A12685F-4AE0-4253-80B5-7BC982A3C161}" id="4" otid="102" otname="处理方式" value="请协调">
    <acl>
      <cached id="aclcache-13-1" />
    </acl>
    <originalidentity id="4" otid="108" vaultguid="{5E6F111C-B739-445F-B903-A1A81DAD8183}" />
  </vlitem>
  <vlitem deleted="false" extidstatus="Internal" guid="{E520F2D1-88B8-423E-BFD1-01266CA9FC5F}" id="1" otid="103" otname="事宜影响" value="引起工程工期变更">
    <acl>
      <cached id="aclcache-13-1" />
    </acl>
    <originalidentity id="2" otid="109" vaultguid="{5E6F111C-B739-445F-B903-A1A81DAD8183}" />
  </vlitem>
  <vlitem deleted="false" extidstatus="Internal" guid="{489CA4CB-A6D6-40D1-9EE0-B9124F50A699}" id="2" otid="103" otname="事宜影响" value="引起工程造价变更">
    <acl>
      <cached id="aclcache-13-1" />
    </acl>
    <originalidentity id="1" otid="109" vaultguid="{5E6F111C-B739-445F-B903-A1A81DAD8183}" />
  </vlitem>
  <vlitem deleted="false" extidstatus="Internal" guid="{0C934D52-26F6-4C09-8E33-BB08F2651984}" id="3" otid="103" otname="事宜影响" value="未引起工程造价变更">
    <acl>
      <cached id="aclcache-13-1" />
    </acl>
    <originalidentity id="3" otid="109" vaultguid="{5E6F111C-B739-445F-B903-A1A81DAD8183}" />
  </vlitem>
  <vlitem deleted="false" extidstatus="Internal" guid="{3C63626C-B91E-463A-9BC4-E9FA3857AF95}" id="4" otid="103" otname="事宜影响" value="未引起工程工期变更">
    <acl>
      <cached id="aclcache-13-1" />
    </acl>
    <originalidentity id="4" otid="109" vaultguid="{5E6F111C-B739-445F-B903-A1A81DAD8183}" />
  </vlitem>
  <vlitem deleted="false" extidstatus="Internal" guid="{548CE5BF-9F76-4A9C-81A2-F550D170C365}" id="1" otid="106" otname="项目名称" value="董家渡项目_DJDXM">
    <acl>
      <cached id="aclcache-13-1" />
    </acl>
    <originalidentity id="1" otid="113" vaultguid="{5E6F111C-B739-445F-B903-A1A81DAD8183}" />
  </vlitem>
  <vlitem deleted="false" extidstatus="Internal" guid="{E99019FA-D9F1-412E-ADD7-22DE5BD35A05}" id="1" otid="107" otname="分区" value="北区_B">
    <automaticacl candeactivate="true" usesownacl="false">
      <namedacl aliases="" builtin="false" guid="{8CB79BB6-976E-483C-8E0D-A6230BB3B1C7}" id="16" name="北区权限" type="Internal" />
    </automaticacl>
    <acl>
      <cached id="aclcache-13-2" />
    </acl>
    <originalidentity id="2" otid="114" vaultguid="{5E6F111C-B739-445F-B903-A1A81DAD8183}" />
  </vlitem>
  <vlitem deleted="false" extidstatus="Internal" guid="{1EDB85F1-5874-4C38-A7D4-4EF83DBE8F26}" id="2" otid="107" otname="分区" value="南区_N">
    <automaticacl candeactivate="true" usesownacl="false">
      <namedacl aliases="" builtin="false" guid="{FE906D4F-7AF5-4F37-9507-051DC0F5BC09}" id="15" name="南区权限" type="Internal" />
    </automaticacl>
    <acl>
      <cached id="aclcache-13-3" />
    </acl>
    <originalidentity id="1" otid="114" vaultguid="{5E6F111C-B739-445F-B903-A1A81DAD8183}" />
  </vlitem>
  <vlitem deleted="false" extidstatus="Internal" guid="{F669E2CB-9925-4DEE-8AED-0F9C32F913C3}" id="1" otid="108" otname="文件编号单位" value="中建八局_ZJBJ">
    <acl>
      <cached id="aclcache-13-1" />
    </acl>
    <originalidentity id="2" otid="115" vaultguid="{5E6F111C-B739-445F-B903-A1A81DAD8183}" />
  </vlitem>
  <vlitem deleted="false" extidstatus="Internal" guid="{D6F4A845-17F5-41A9-9C0A-5BB444684D16}" id="2" otid="108" otname="文件编号单位" value="上海建工_SHJG">
    <acl>
      <cached id="aclcache-13-1" />
    </acl>
    <originalidentity id="1" otid="115" vaultguid="{5E6F111C-B739-445F-B903-A1A81DAD8183}" />
  </vlitem>
  <vlitem deleted="false" extidstatus="Internal" guid="{8763F4CC-BCA5-4F27-A0D7-DC7FB20593BE}" id="3" otid="108" otname="文件编号单位" value="建设监理_JSJL">
    <acl>
      <cached id="aclcache-13-1" />
    </acl>
    <originalidentity id="4" otid="115" vaultguid="{5E6F111C-B739-445F-B903-A1A81DAD8183}" />
  </vlitem>
  <vlitem deleted="false" extidstatus="Internal" guid="{4A7F8FDC-E091-4479-9B1C-77A0320032C4}" id="4" otid="108" otname="文件编号单位" value="建科咨询_JKZX">
    <acl>
      <cached id="aclcache-13-1" />
    </acl>
    <originalidentity id="3" otid="115" vaultguid="{5E6F111C-B739-445F-B903-A1A81DAD8183}" />
  </vlitem>
  <vlitem deleted="false" extidstatus="Internal" guid="{B4D3CFE6-47FB-4DAF-B801-FBF1D6A593EC}" id="5" otid="108" otname="文件编号单位" value="中民外滩_ZMWT">
    <acl>
      <cached id="aclcache-13-1" />
    </acl>
    <originalidentity id="5" otid="115" vaultguid="{5E6F111C-B739-445F-B903-A1A81DAD8183}" />
  </vlitem>
  <vlitem deleted="false" extidstatus="Internal" guid="{F8BD69A0-7E51-4968-8C13-D50450D23FD7}" id="1" otid="109" otname="专业" value="建筑_JZ">
    <acl>
      <cached id="aclcache-13-1" />
    </acl>
    <originalidentity id="1" otid="116" vaultguid="{5E6F111C-B739-445F-B903-A1A81DAD8183}" />
  </vlitem>
  <vlitem deleted="false" extidstatus="Internal" guid="{032342BF-00D0-4D72-A75C-0C615C65B88C}" id="2" otid="109" otname="专业" value="结构_JG">
    <acl>
      <cached id="aclcache-13-1" />
    </acl>
    <originalidentity id="2" otid="116" vaultguid="{5E6F111C-B739-445F-B903-A1A81DAD8183}" />
  </vlitem>
  <vlitem deleted="false" extidstatus="Internal" guid="{DDBBBDA3-DD10-4685-BC20-6A9D7AF6E8C0}" id="3" otid="109" otname="专业" value="电气_DQ">
    <acl>
      <cached id="aclcache-13-1" />
    </acl>
    <originalidentity id="3" otid="116" vaultguid="{5E6F111C-B739-445F-B903-A1A81DAD8183}" />
  </vlitem>
  <vlitem deleted="false" extidstatus="Internal" guid="{4FA31292-05DB-4C65-B50C-80BFDBDC1C18}" id="4" otid="109" otname="专业" value="给排水_GPS">
    <acl>
      <cached id="aclcache-13-1" />
    </acl>
    <originalidentity id="4" otid="116" vaultguid="{5E6F111C-B739-445F-B903-A1A81DAD8183}" />
  </vlitem>
  <vlitem deleted="false" extidstatus="Internal" guid="{0B5AF216-C909-45EE-9D61-090659B5D397}" id="5" otid="109" otname="专业" value="暖通_NT">
    <acl>
      <cached id="aclcache-13-1" />
    </acl>
    <originalidentity id="5" otid="116" vaultguid="{5E6F111C-B739-445F-B903-A1A81DAD8183}" />
  </vlitem>
  <vlitem deleted="false" extidstatus="Internal" guid="{1F3D40FF-2FF3-441D-981C-9B88E72DA7AD}" id="6" otid="109" otname="专业" value="景观_JG">
    <acl>
      <cached id="aclcache-13-1" />
    </acl>
    <originalidentity id="6" otid="116" vaultguid="{5E6F111C-B739-445F-B903-A1A81DAD8183}" />
  </vlitem>
  <vlitem deleted="false" extidstatus="Internal" guid="{82EBE8EB-266D-46AD-94C7-7724B5CA1482}" id="7" otid="109" otname="专业" value="精装_JZ">
    <acl>
      <cached id="aclcache-13-1" />
    </acl>
    <originalidentity id="7" otid="116" vaultguid="{5E6F111C-B739-445F-B903-A1A81DAD8183}" />
  </vlitem>
  <vlitem deleted="false" extidstatus="Internal" guid="{E1D4A37C-51A9-47F7-8B98-3E085C609B78}" id="1" otid="110" otname="参建方" value="总包">
    <acl>
      <cached id="aclcache-13-1" />
    </acl>
    <originalidentity id="1" otid="117" vaultguid="{5E6F111C-B739-445F-B903-A1A81DAD8183}" />
  </vlitem>
  <vlitem deleted="false" extidstatus="Internal" guid="{7EA2FA7F-6FBD-42B8-8105-88BB411F7315}" id="2" otid="110" otname="参建方" value="分包">
    <acl>
      <cached id="aclcache-13-1" />
    </acl>
    <originalidentity id="2" otid="117" vaultguid="{5E6F111C-B739-445F-B903-A1A81DAD8183}" />
  </vlitem>
  <vlitem deleted="false" extidstatus="Internal" guid="{207E8367-4371-4795-B5C7-5F7694337B72}" id="3" otid="110" otname="参建方" value="监理">
    <acl>
      <cached id="aclcache-13-1" />
    </acl>
    <originalidentity id="3" otid="117" vaultguid="{5E6F111C-B739-445F-B903-A1A81DAD8183}" />
  </vlitem>
  <vlitem deleted="false" extidstatus="Internal" guid="{F58A6F9C-9422-4ED4-A9C0-80BE6FAC6B93}" id="4" otid="110" otname="参建方" value="设计院">
    <acl>
      <cached id="aclcache-13-1" />
    </acl>
    <originalidentity id="4" otid="117" vaultguid="{5E6F111C-B739-445F-B903-A1A81DAD8183}" />
  </vlitem>
  <vlitem deleted="false" extidstatus="Internal" guid="{A4BC6742-0426-4991-8A1B-3BBD8C5EB119}" id="5" otid="110" otname="参建方" value="顾问">
    <acl>
      <cached id="aclcache-13-1" />
    </acl>
    <originalidentity id="5" otid="117" vaultguid="{5E6F111C-B739-445F-B903-A1A81DAD8183}" />
  </vlitem>
  <vlitem deleted="false" extidstatus="Internal" guid="{8CA01246-37CD-403D-BBC8-DF413B722B3F}" id="1" otid="111" otname="年份" value="2016">
    <acl>
      <cached id="aclcache-13-1" />
    </acl>
    <originalidentity id="2" otid="119" vaultguid="{79E71FCA-BD63-49A4-A719-0355DAB0D5E1}" />
  </vlitem>
  <vlitem deleted="false" extidstatus="Internal" guid="{97ECF63A-3A19-4EFF-9CFE-C789AE034A18}" id="2" otid="111" otname="年份" value="2015">
    <acl>
      <cached id="aclcache-13-1" />
    </acl>
    <originalidentity id="1" otid="119" vaultguid="{79E71FCA-BD63-49A4-A719-0355DAB0D5E1}" />
  </vlitem>
  <vlitem deleted="false" extidstatus="Internal" guid="{E8AF4204-AD59-4203-8E4C-54AA39A89A39}" id="3" otid="111" otname="年份" value="2017">
    <acl>
      <cached id="aclcache-13-1" />
    </acl>
    <originalidentity id="3" otid="119" vaultguid="{79E71FCA-BD63-49A4-A719-0355DAB0D5E1}" />
  </vlitem>
  <vlitem deleted="false" extidstatus="Internal" guid="{359FD077-B0A7-41EF-8E08-050E414F7EDB}" id="4" otid="111" otname="年份" value="2018">
    <acl>
      <cached id="aclcache-13-1" />
    </acl>
    <originalidentity id="4" otid="119" vaultguid="{79E71FCA-BD63-49A4-A719-0355DAB0D5E1}" />
  </vlitem>
  <vlitem deleted="false" extidstatus="Internal" guid="{A7F43FDE-2275-4053-B9FB-C37F74491500}" id="5" otid="111" otname="年份" value="2019">
    <acl>
      <cached id="aclcache-13-1" />
    </acl>
    <originalidentity id="5" otid="119" vaultguid="{79E71FCA-BD63-49A4-A719-0355DAB0D5E1}" />
  </vlitem>
  <vlitem deleted="false" extidstatus="Internal" guid="{32C589B9-D4DA-42B5-A4E3-B4969232CCD3}" id="6" otid="111" otname="年份" value="2020">
    <acl>
      <cached id="aclcache-13-1" />
    </acl>
    <originalidentity id="6" otid="119" vaultguid="{79E71FCA-BD63-49A4-A719-0355DAB0D5E1}" />
  </vlitem>
  <vlitem deleted="false" extidstatus="Internal" guid="{680A82C7-AA97-4DB0-AC31-B9778CACAAC4}" id="1" otid="112" otname="月份" value="5月">
    <acl>
      <cached id="aclcache-13-1" />
    </acl>
    <originalidentity id="5" otid="120" vaultguid="{79E71FCA-BD63-49A4-A719-0355DAB0D5E1}" />
  </vlitem>
  <vlitem deleted="false" extidstatus="Internal" guid="{5F8AF0A2-6A83-4770-AF73-F9B0C6B40818}" id="2" otid="112" otname="月份" value="6月">
    <acl>
      <cached id="aclcache-13-1" />
    </acl>
    <originalidentity id="6" otid="120" vaultguid="{79E71FCA-BD63-49A4-A719-0355DAB0D5E1}" />
  </vlitem>
  <vlitem deleted="false" extidstatus="Internal" guid="{D797BD38-F433-4311-AAFA-8C046748E1E1}" id="3" otid="112" otname="月份" value="11月">
    <acl>
      <cached id="aclcache-13-1" />
    </acl>
    <originalidentity id="11" otid="120" vaultguid="{79E71FCA-BD63-49A4-A719-0355DAB0D5E1}" />
  </vlitem>
  <vlitem deleted="false" extidstatus="Internal" guid="{68E6933F-6B19-40D1-B965-C5DC79B71F29}" id="4" otid="112" otname="月份" value="1月">
    <acl>
      <cached id="aclcache-13-1" />
    </acl>
    <originalidentity id="1" otid="120" vaultguid="{79E71FCA-BD63-49A4-A719-0355DAB0D5E1}" />
  </vlitem>
  <vlitem deleted="false" extidstatus="Internal" guid="{6DF6458C-DA5C-4FAF-8CD1-429B5330C081}" id="5" otid="112" otname="月份" value="2月">
    <acl>
      <cached id="aclcache-13-1" />
    </acl>
    <originalidentity id="2" otid="120" vaultguid="{79E71FCA-BD63-49A4-A719-0355DAB0D5E1}" />
  </vlitem>
  <vlitem deleted="false" extidstatus="Internal" guid="{4B16DB66-90BE-44DE-8497-FF182C373F9C}" id="6" otid="112" otname="月份" value="3月">
    <acl>
      <cached id="aclcache-13-1" />
    </acl>
    <originalidentity id="3" otid="120" vaultguid="{79E71FCA-BD63-49A4-A719-0355DAB0D5E1}" />
  </vlitem>
  <vlitem deleted="false" extidstatus="Internal" guid="{A2BB53E8-18C1-4F32-8C2A-8471516AE675}" id="7" otid="112" otname="月份" value="4月">
    <acl>
      <cached id="aclcache-13-1" />
    </acl>
    <originalidentity id="4" otid="120" vaultguid="{79E71FCA-BD63-49A4-A719-0355DAB0D5E1}" />
  </vlitem>
  <vlitem deleted="false" extidstatus="Internal" guid="{4F03251A-5940-4495-8127-B1D7F6F70AD9}" id="8" otid="112" otname="月份" value="7月">
    <acl>
      <cached id="aclcache-13-1" />
    </acl>
    <originalidentity id="7" otid="120" vaultguid="{79E71FCA-BD63-49A4-A719-0355DAB0D5E1}" />
  </vlitem>
  <vlitem deleted="false" extidstatus="Internal" guid="{4F055F64-4284-41A1-99D2-D382694F631A}" id="9" otid="112" otname="月份" value="8月">
    <acl>
      <cached id="aclcache-13-1" />
    </acl>
    <originalidentity id="8" otid="120" vaultguid="{79E71FCA-BD63-49A4-A719-0355DAB0D5E1}" />
  </vlitem>
  <vlitem deleted="false" extidstatus="Internal" guid="{B31ABDE3-C4F3-4110-A16B-FAECC446DA00}" id="10" otid="112" otname="月份" value="9月">
    <acl>
      <cached id="aclcache-13-1" />
    </acl>
    <originalidentity id="9" otid="120" vaultguid="{79E71FCA-BD63-49A4-A719-0355DAB0D5E1}" />
  </vlitem>
  <vlitem deleted="false" extidstatus="Internal" guid="{4709FB06-31BE-4424-8508-BA46639A9DAB}" id="11" otid="112" otname="月份" value="10月">
    <acl>
      <cached id="aclcache-13-1" />
    </acl>
    <originalidentity id="10" otid="120" vaultguid="{79E71FCA-BD63-49A4-A719-0355DAB0D5E1}" />
  </vlitem>
  <vlitem deleted="false" extidstatus="Internal" guid="{151C23A1-84CA-4FA0-B538-9C028CB6C46A}" id="12" otid="112" otname="月份" value="12月">
    <acl>
      <cached id="aclcache-13-1" />
    </acl>
    <originalidentity id="12" otid="120" vaultguid="{79E71FCA-BD63-49A4-A719-0355DAB0D5E1}" />
  </vlitem>
  <vlitem deleted="false" extidstatus="Internal" guid="{F87922BF-76D7-4F16-B22A-8F88FE01CDD8}" id="1" otid="113" otname="项目阶段" value="立项阶段_LXJD">
    <acl>
      <cached id="aclcache-13-1" />
    </acl>
    <originalidentity id="1" otid="120" vaultguid="{5E6F111C-B739-445F-B903-A1A81DAD8183}" />
  </vlitem>
  <vlitem deleted="false" extidstatus="Internal" guid="{EE1B3899-A853-4102-BF2C-FE9BD91CAF71}" id="2" otid="113" otname="项目阶段" value="设计阶段_SJJD">
    <acl>
      <cached id="aclcache-13-1" />
    </acl>
    <originalidentity id="2" otid="120" vaultguid="{5E6F111C-B739-445F-B903-A1A81DAD8183}" />
  </vlitem>
  <vlitem deleted="false" extidstatus="Internal" guid="{95A70F56-82E4-4369-A07E-7AA483DC12B3}" id="3" otid="113" otname="项目阶段" value="施工阶段_SGJD">
    <acl>
      <cached id="aclcache-13-1" />
    </acl>
    <originalidentity id="3" otid="120" vaultguid="{5E6F111C-B739-445F-B903-A1A81DAD8183}" />
  </vlitem>
  <vlitem deleted="false" extidstatus="Internal" guid="{75986DF2-5E44-41E4-AC23-7F3A49B84694}" id="1" otid="114" otname="总包/分包" value="总包_ZB">
    <acl>
      <cached id="aclcache-13-1" />
    </acl>
    <originalidentity id="1" otid="121" vaultguid="{5E6F111C-B739-445F-B903-A1A81DAD8183}" />
  </vlitem>
  <vlitem deleted="false" extidstatus="Internal" guid="{C57BE245-F4E0-4C04-81B4-7CD52027E97D}" id="2" otid="114" otname="总包/分包" value="分包_FB">
    <acl>
      <cached id="aclcache-13-1" />
    </acl>
    <originalidentity id="2" otid="121" vaultguid="{5E6F111C-B739-445F-B903-A1A81DAD8183}" />
  </vlitem>
  <vlitem deleted="true" deletedat="2016-05-25T03:21:03.853Z" extidstatus="Internal" guid="{4B1E95A0-879A-4AF0-AE63-7AFFE15F8FEB}" id="3" otid="114" otname="总包/分包" value="北区总包_BZB">
    <acl>
      <cached id="aclcache-13-1" />
    </acl>
    <originalidentity id="3" otid="121" vaultguid="{5E6F111C-B739-445F-B903-A1A81DAD8183}" />
  </vlitem>
  <vlitem deleted="true" deletedat="2016-05-25T03:20:58.669Z" extidstatus="Internal" guid="{931FC59E-DAA6-46EB-960F-F7B2C69EFAB4}" id="4" otid="114" otname="总包/分包" value="北区分包_BFB">
    <acl>
      <cached id="aclcache-13-1" />
    </acl>
    <originalidentity id="4" otid="121" vaultguid="{5E6F111C-B739-445F-B903-A1A81DAD8183}" />
  </vlitem>
</content>