<?xml version="1.0" encoding="utf-8"?>
<!DOCTYPE archive [
	<!ENTITY prologue SYSTEM "Metadata\Prologue.xml">
	<!ENTITY structure SYSTEM "Metadata\Structure.xml">
]>
<archive guid="{0D703319-00A6-415D-9028-0ED51162C3C4}" version="2" build="11.2.4320.47" oldestcompatiblebuild="0.0.0.0">
  <features>
    <feature id="07C6C5D0-B6B8-4033-B563-86F7CBF89CFB" name="ParallelWorkflowStructure" pkgver="2" />
    <feature id="19E9ED12-1AA6-46C5-8D79-AD353CA3BF63" name="ExternalGroupImportMode" pkgver="1" />
    <feature id="4D00ED25-C6A1-42AB-8BBA-54CDA5821375" name="ManageWorkflows" pkgver="1" />
    <feature id="C9D23648-C025-4538-B16B-86D90CBF5A50" name="RestrictedTransitionsOnly" pkgver="1" />
    <feature id="CFA17B7A-A15C-4DFD-A623-BC702F1CB340" name="AllowObjectTypeAndPropertyDefAsGroupingLevel" pkgver="1" />
    <feature id="DA7A4174-A872-4CBE-BCCE-27AF6E21E254" name="CustomDataForObjTypesAndPropDefs" pkgver="1" />
    <feature id="DB876C6E-31F3-49A7-945F-E5709CBE04BA" name="IgnoreObjectACLsForSubfoldersListing" pkgver="1" />
  </features>
  <timestamp value="2016-07-08T06:26:23.960Z" />
  <delta applied="false" />
  <vault guid="{A66EDAF6-F46A-4E2F-8F9C-82A4BA766187}" extendedmetadatadrivenpermissions="true" />
  <statistics objectcount="0" vlitemcount="0" />
  <flags>
    <MultipleArchivesInTargetLocation />
  </flags>
&prologue;
&structure;
</archive>