<?xml version="1.0"?>
<application xmlns:xsi="http://www.w3.org/2001/XMLSchema-instance" xsi:noNamespaceSchemaLocation="http://www.m-files.com/schemas/appdef.xsd">
  <guid>F101258B-FD65-4199-B22F-240B507C0DCC</guid>
  <name>知识库管理</name>
  <version>1.0</version>
  <description>知识库管理</description>
  <publisher>CADSimula</publisher>
  <copyright>(c) www.simuladesign.com 2015</copyright>
  <required-mfiles-version>10.0.3683.0</required-mfiles-version>
  <optional>true</optional>
  <modules>
    <module environment="shellui" event-priority="1">
      <file>scripts\md.js</file>
      <file>scripts\mf\alias.js</file>
      <file>scripts\mf\objectOps.js</file>
      <file>scripts\knowDocOps.js</file>
      <file>scripts\doc-category.js</file>
      <file>main.js</file>
    </module>
  </modules>
  <dashboards>
    <dashboard id="doccategory">
      <content>doc-category.htm</content>
      <trusted-content>http://www.m-files.com/</trusted-content>
    </dashboard>    
  </dashboards>
</application>